tweet,sarcastic
Having morning time sickness when you ' re not actually pregnant is all the fun,1
@ trpalomo Those boots must equal tasty for how much they ' re choking on ' em ğŸ’€,1
One like puddle food and then not eating it to assert my dominance,1
@RealCarlVernon The only thing in danger of being spread is good sense!,0
the new gossip girl is trash and im tired of pretending its not,0
do you check ur bank account every other second or are u financially stable?,0
Someone in Walmart asked my mom if I was a boy or a girl (in front of my FaCe) so thatâ€™s how Iâ€™ve been,0
Imagine looking at your newborn baby girl and naming that shit Brogan,0
I just don â€™ t think it â€™ s too much to have a perfect life with absolutely no problems ğŸ¤· ğŸ» â€ â™€ ï¸,1
@ trpalomo Those kick must be tasty for how much they ' re choking on ' em ğŸ’€,1
Anyone know where I could get a cheap iPhone 4/5?,0
Being a business major is legal conversion therapy and mustiness be stopped,1
Got a bloody screening invitation for a massive film - YES THAT ONE YOURE THINKING OF - and both screenings are on school days ğŸ˜­ tempted to quit teaching tbh,1
I just got my first spam call about my vehicleâ€™s extended warranty!!! Iâ€™m living in a meme,0
â€œ@elliekonsker: Physically and mentally stressedâ€,0
"Thank you twitter for deciding to completely reset your list of the "" suggested topics to follow "" I ' ve clicked to ignore (all of them ), so now I ' thou back to find out hundreds of them, every time. Really appreciate you doing that.",1
I sense like with the pandemic and all we should now be allowed to publicly shame babies for just like coughing into the open air you know what I mean,1
Not telling anyone how I voted in case information technology doesn ' t come reliable # EUref,1
Did anyone else used to have the local church walk past their house with a giant crucifix on good Friday or did I just live a really fucking weird childhood?!,0
"At least half of my days are still speculative days and let me tell you, i ' ve never once killed 8 people because of it. A true miracle apparently",1
IBIZA HAS JUST BEEN BOOKED AGAIN wohooooooooo ğŸ‰ğŸ‘ğŸ‰ğŸ‘,0
""" your pronouns are what ' atomic number 16 in your pants "" ok. juicy / dumper",1
safe evening sharks. hooters but for feet.,1
"In desperate need of 1 final spoon code. Been searching shops desperately for the last few weeks without luck. Please, please send me a code",0
@ sdeditgirl You should know a truthful Oregonian doesn ' t use umbrellas!,1
Being 20 years old and going to concerts with my mom means Single can scream all the no - no lyrics bc iM aN grownup,1
""" You ' re not a normal bloodless young woman "" lol ok",1
Love a good yell ğŸ‘Œ ğŸ»,1
"Just got in, how â€™ cholecalciferol Liverpool get on?",1
@Diktweet2 @JeffTweet68 @RepAndyBiggsAZ You can call it whatever but it was stupid and not an inserection...if it was there would have been arms and the building would have been taken over and btw....it has been proven non Republican militia were in there also involved and present,0
@ TheSpursExpress @ JBurtTelegraph 1 ' ve arrange this to my employer too. I ' m expecting we ' ll both get the same answer,1
@ majornelson Sounds corresponding a stiff contender for GOTY,1
I detest you so much @ Eagle,1
"The first paper @jesskah02 and I accepted as part of our special issue on intergroup conflict @ELSFinance is now online! Check it out at https://t.co/y0earQdPwa and kudos Sam Whitt, @rkwrice and @vera_mironov!",0
""" I ' m concerned about the environmental impact of my contact lens lenses, "" says the occasional daily wearer, throwing their Starbucks cup in the test room bin.",1
another week really does start tomorrow... ğŸ˜,0
2020 couldnâ€™t get any worse https://t.co/PeBHqsc2MB,0
My heart actually hurts that I am a senior and not a freshman this year,0
Lol at my life: ),1
Still haven't fully comprehended I go back to work tomorrow.,0
it â€™ s literally so hard being this hot and aphrodisiacal and beautiful everyday,1
"Today was the first time I wished Covid-19 had happened 20years ago - back in school, wearing a mask, no need to strain every sinew to quell a yawn.

Bliss.",0
So happy to be alive today.,0
Turned 25 today but woke up with $ 600 from the internal revenue service in my bank account thusly quarter life crisis has been postponed,1
"@ kittin_knittin According to a Cornet republican, that ' s relative to Penis size. There ' s a video. Lol",1
"I keep getting dramatic, anime style cowlicks in the morning and I'm thinking one day I'll just go out without brushing it down to let everyone know I'm the main protagonist.",0
You know the wolves match is boring when you ' re talking with your mate about the best way to wire up his new shed!,1
Just straight-up surprise cried over the new #Xfinity #ET #holiday ad. #Thanksgiving,0
"Me: "" Did you you find everything you were looking for? "" Client: "" why, are you hiding something? "" Me: "" aRe YOu concealing sOMetHinG? """,1
I cannot stress how much I hate the noise of people eating. Canâ€™t be downstairs when my parents are eating because itâ€™s so fucking unbearable ğŸ˜‚,0
Love having an Asian name because the lecturer never picks on me in these zoom classes,0
"@profitwithant With B at over 10.4% annual return you can beat C.

I'd suggest some form of real estate investment vehicle to get roughly 10-12%. Likely to appreciate anyway, plus further savings makes this a preferable option to purely C.",0
The only thing I got from college is a caffeine addiction,1
Very exciting to see rapper @Santandave1 referencing Of Mice and Men on his verse ğŸ‘ğŸ½ğŸ˜‚ https://t.co/4onZzT8ze8,0
Dan Smith playing oblivion on his IG live has absolutely topped my week off ğŸ¥º,0
Don't think it's possible to fully understand poetry without experiencing a New York winter.,0
I reckon zoella will get engaged in New York this year,0
Started with the sweating now we here â„ï¸â›„ï¸â„ï¸ (aka &lt; 70Â°F) #JustFloridaThings,0
@ Schlippertysch1 @ anon_opin Very good. Just need to work on your spelling immediately ğŸ‘,1
one of my favs ğŸ’” so sad https://t.co/y7RiY0JU4y,0
we used to make fun of rich men for using 3in1 bend out they were never using anything at all ğŸ¤®,1
@ xNemoooo @ McDonaldsUK @ tasshx Say swear you didn â€™ t down all bev â€™ s at Acapulco â€™ s straight after? ? ğŸ˜˜,1
Mustard has no business being zero calories,0
I ' ve been doing physics for 40 minutes I think I deserve a break ğŸ˜‚ ğŸ˜‚ ğŸ˜‚ ğŸ˜­ I ' m never going to get it all done at this rate,1
Got a strong urge to go down one of those pitch black tunnel slides and just vibe,0
It be the jersey,1
@dumbdotcomm no fr like..the mental strain we go through... and itâ€™s also the fact that a lot of these nurses we have to work with either take our free labor for granted by treating us as their personal aide or treat us like dirt ainâ€™t right or fair.....,0
virgos are leos in a singlet,1
I like making food and and then not eating it to assert my authority,1
why am I so tired and also why is the answer always chronic pain???!???,0
Nothing warms my pith more than meet everybody come together and attack Westside â€™ s administration â¤ ï¸ # WycoPride # YeeYee,1
"I have cherâ€™s dark lady stuck in my head but instead of the words â€˜dark lady,â€™ my brain is substituting â€˜dutch babyâ€™",0
I love how men know they have a baby on the way in one month and they decide to go out and buy a brand new mustang wow,1
Just consider a cop riding a segway? !! So happy my taxes paid for that.,1
Every time I see an ecesis with newspaper straws I turn a little bit Republican,1
love how badly i embarrass myself on nights out how iconic X,1
"@ KellyMartin_UK @ Morrisons You â€™ re right, it â€™ s all one big conspiracy. You should boycott the NHS too, they â€™ ra in on it as comfortably",1
People who think cancel acculturation goes too far never learned about excommunication,1
yo @ claires get along yall do hysterectomies?,1
"Everything happens for a reason people, always remember that",0
2 x sand eating toddlers for sales event. No former owners. DM for details x,1
@ JacobWohlReport Do Single need to aquire a married woman before this happens or will I be assigned one?,1
"Day 3. Luggage arrived, thanks @ AirFranceFR. Non random Hungarian underwear. Public lecture delivered. Science sated. # metaxa hypertext transfer protocol: / / t. co / 6KPjLezQOF",1
"Since the election is tomorrow, here is a reminder that many people's social media feeds are political bubbles that reflect their own viewpoints. The world at large is not the same as the online world. Don't treat them the same way.",0
my worst enemy is the lil machine at the eye doctor's that shoots a puff of air into your eyes,0
Best night ever ğŸ’œ,0
Another great day in the office! Happy to be working with @HeyItsEbb and @Sicarius_Matt #softwaredevelopment #webdevelopment #Motivated #tech #Businesses https://t.co/h59QAZ7sEG,0
"Domesticated, still a little feral",0
Replace Pelosi # Nancy,1
It's hard to focus on online school when my entire house smells like smoke. Unstable wifi doesn't help (just got kicked out of my Zoom class for the 5th time in 10 mins). Also my phone won't turn on and I need to update it. But for that to happen I need...a stable wifi connection,0
wish i could understand string theory without knowing maths. .. .. alas i hypothesis i am too hot for conceptual physics,1
i â€™ ve had more interesting conversations w my wall but alright,1
wear a cute jumpsuit is all fun and games until you have to go to the bathroom,1
feeling so nostalgic today,0
too many dudes are wearing birks with socks on. grow up. get down the fucking toes knocked out man.,1
Nightmares are so horrible and weird.. my is my brain subconsciously thinking about horrible things like what?,0
I can't wait until I am making money again this summer and can buy Harley tons of presents always,0
"One positive of being stuck inside all the time is I've almost got back to being as good at FIFA as when I was 15, and I consider that an achievement",0
every time someone asks me about getting a piercing i tell them to do it. cant be unprofessional if everyone has one &lt;3,0
"# bbcqt It sure would be courteous if Ms May decided to answer a doubt, rather than dance readily around it.",1
"make it illegal to say / write "" Dems in disarray "" on report of it being stupid as fuck",1
Someone come play Magic with me,0
how do Single get my boyfriend in a maid costume?,1
"@keith_mchenry @spencerlatu Perhaps you could explain then why anyone would want to take an experimental therapy with no long term data, that doesn't prevent infection or transmission of a supposed novel virus with an IFR (0.1%) very similar to regular flu?",0
A wrong impression is once once again my specialty,1
Worked out 2 days in a row. I am quite literally the epitome of health and fittingness,1
@ terryflewers @ lfcsonny Has atomic number 2 given any clarification regarding what age Harvey Elliott needs to be before you can tackle him?,1
"Unity ' m so glad the clocks just went back, I have this whole extra time of day of insomnia to play with.",1
Man I miss my friends :(,0
"Buckeye state good, information technology ' s time for the bi - monthly random power outage.",1
@radiox Bringing together 2 of the best things in life: tea and The Maccabees - Young Lyons,0
"come to think of it, I actually have never heard a Catholic man apologize",0
"Can media, press, and general dickheads stop spinning the narrative that itâ€™s a womenâ€™s job to stay safe and vigilant when they have not experienced themselves how terrifying it is walking alone at any given time of the day? https://t.co/85yKt7Xngm",0
really not taking this 'university in lockdown' thing seriously,0
I just saw the Matt John hancock video and nowadays I â€™ m scared that in ten days time he will climb out my telly,1
The phrase â€œthe white people of black peopleâ€ was coined to explain cishet black menâ€™s privilege over other identities within the black community. Not to just throw around when yâ€™all are annoyed/hateful ğŸ™„,0
The most 2020 quote of the year: Me: we should go to the Van Gogh Museum! Little Brother: is that the donny with one ear?,1
I am so ridiculously proud of the job I do!ğŸ’œ,0
"My poo is green, how merry.",1
"an 8 year old just complimented my shoes in passing, what does that mean",0
I love leaving the doctors office in tears. I need this kid to just decide to leave my body so we can cost done and home together.,1
Tell the liverpool role player to get some beers and just sit on the grass for the full 90 mins. Rent leeds score as many goals as they want. # NoToEuropeanSuperLeague,1
Pregnant and incessantly crave KitKats. I literally have been living off of them for the past 4 months. @ KitKat_US,1
everyone pls stop shooting fireworks my click is scared: (,1
"quit a high paying job for a blind fantasy with no family, no friends, no backup planâ€¦ deserved every tear streaming down his face https://t.co/y7KxPh3hwx",0
wish my first reaction to everything wasnâ€™t crying,0
Very good analysis and a good demonstration of why you should treat anything your told by the BBC with the utmost care. https://t.co/V6rO4FZqeP,0
turning 22 next week so naturally I increased my tinder age range up to lx,1
@GeekDadGamer My neice (4 or 5 at the time) *loved* playing Mario Kart 8 with her dad using the acceleration and steering assists. Before that she was mostly a spectator while he played kid-friendly games like Ape Escape.,0
"Manchester City 1989-91 Home ğŸ”µ

Hate to admit how nice of a kit this is as a Liverpool fanğŸ˜‚

#ManchesterCity #Messi #Manchester #Football #art #Poster https://t.co/900pc9kW9n",0
"cold ears? take out one AirPod, leave it by the stove, and forget about it for 20 minutes ğŸ¤—",1
"Back from Nashville... I missed this little girl, even though sheâ€¦ https://t.co/eN8q2YEyua",0
Home made pizza is in the oven! We've made one each so there'll be leftovers for lunch tomorrow. ğŸ˜‹,0
never drinking once again,1
"@ izzychari @ mikeduncan â€œ Please get a free shot or take a once weekly nose swab. We will literally pay you to take time sour to get the shot â€ - Czar Nicholas, King George, Charles I, and so on.",1
Fare the # Hokies really have to play 5 against 6 tonight? Come on stripes,1
""" He ' s not welcome in a tolerant place like London "" @ emmadentcoad on the Presidential visit on @ BBCRadio4 The caustic remark in that comment. .. # r4bh",1
#TheReceiptsPodcast got me listening to old school Usher ğŸ¤©ğŸ‘,0
Feels like 10 degrees! ! Wow catch pine tree state in South Parks soaking up the rays ğŸ˜ https: / / t. co / EpgwTLgICW,1
"Everyoneâ€™s losing it about One Direction coming back, but I just want @lorde to come back and release some new music finally",0
"Not a single conservative tear then for this absolutely drunk on power statement, but now that Biden makes some vague promises he canâ€™t and wonâ€™t back up, theyâ€™re absolutely quaking in fear. The crocodile tears are astounding. Hypocrisy is just the conservative platform now.",0
Saw a Tesla with a license plate that said â€œEW GASâ€,0
Canâ€™t beat a Carry On film ğŸ˜Š,0
exactly wonder how to get my diss down by 1500 words. . such fun,1
"I might be rubbish at driving, and bear a less than stellar career, but I â€™ m really good at making Spanish omelette. So, you have it off, there â€™ s that.",1
it's all fun and games until the bigot we have been making dumb memes of for the past year is hours away from becoming our next president.,0
Sitting next to the world ' s loud mouth - breather on the first day of class did a in truth good job of demystifying grad school for me today,1
"my favorite thing in the world is turning on another reality show &amp; having katie and joey be like ""this is the dumbest shit i've ever fucking seen"" and then a week later they're 40 episodes deep yelling at the tvğŸ˜Œ my job here is done. we got em again boys",0
Loving time of year 4 of trump does America. Funniest season yet # DonaldTrump # Trump # MAGA # MAGA2020,1
Atomic number 53 got asked if I needed a kid â€™ s menu today. .. 21 be treating me well ğŸ‘¶ ğŸ¼,1
â€œ If I could have changed anything astir my childhood I would have never watched spongebob â€ - no one,1
Happy Cinco de Mayo to all my three taco eaters out thereâ€” being full after two is a sham and out right lie,0
"@alex_jantz As a self-appointed rep of Baylor, we would welcome you back anytime",0
@samdylanfinch Feelings of shame or being out of place linked with both undiagnosed ADHD and being in the closet/facing homophobia.,0
"Well, my vaccinated therapist tested positive for Covid.  Hope sheâ€™s okay and hope my mental health hangs on for 10 extra days.",0
Newfound desire to study so I can walk home when it is still SNOWING,0
don â€™ mt lay down me rewatch panic ğŸ¤¨,1
watching tik toks at full volume in the middle of the airport should be a federal offense,1
â¤ï¸ https://t.co/eZsf1fZfix,0
Great time for sim and I to have our weekly life update. .. . ğŸŒ› ğŸŒœ ğŸ¨ (closest thing to an owl) ğŸ’¤ ğŸ’¤ ğŸ’¤ ğŸ’¤ ğŸ’¤ ğŸ˜´,1
stevie wonder has the best feel good music.,0
"@ishkolhatkar @RosieisaHolt We think you are very, very funny and very,very,very etc â€¦brave. You nail the issue and put those that actually believe the comments you make to shameâ€¦. Please keep doing what youâ€™re doingâ€¦.",0
"underwater uber, also known as scuber",0
protect your energy and elevate.,0
safe to say my life is a fortune better https: / / t. co / pE5isUMOpk https: / / t. co / K2hep49TcF,1
I love when I learn astir stuff I ' ve apparently done and said from people ğŸ˜‚,1
"Packing up and moving out of Sheff today was one of the hardest, most emosh things Iâ€™ve had to do. Ever. S11 ily",0
I wish I could watch Disney channel original movies on the old box TVs to get the full effect again,0
"""If you can talk with crowds and keep your virtue, or walk with kings nor lose the common touch""",0
I hate this guy so much https://t.co/lHPKXjNLL4,0
iâ€™ve stood up for myself and what i want/need more in the last 6 months than i have in my entire life and of that i am proud,0
@HerbMessiah hello I have a question can u help me out,0
my vibe is garth Brooks song â€œthe thunder rollsâ€ but the 3rd verse when the wife shoots her husband for cheating on her,0
Best weekend. I am one very happy girl ğŸ˜Š,0
"@ BIGRXD12 ah yes, people with eating disorders, famous for easily being able bodied to not worry about their weight",1
"For the first time my outfit doesn't have black in it. 

Proud of myself.",0
my car is acting up AGAIN for like the 3rd year in a row and Atomic number 53 â€™ m just going to drive it into the river at the point,1
idk why but my norms wr skyrockets when I solo q,0
The key thing to remember here is these boys are someone's loved one. They did their best. Lets leave the hate. Racism isn't the answer either. #eurofinal #Euro2021,0
Lovely daylight to be stuck at the mall with a dead battery.,1
"The best part of give up the ghost out, is waking up at 2PM the next morning wondering whether you ' re dead or not and what day it is. ğŸ˜‚ ğŸ˜³ ğŸ˜€",1
Ok Wandavision is good,0
Sherlock Sherlock Sherlock Sherlock Sherlock Sherlock,0
Reina when we first put on her Halloween costume vs when we started saying how cute she was: https://t.co/nK6HAD8scD,0
I care that grill cheese helped you get that summer bod,1
"Hard to imagine a better start to Saturday than running through the forest listening to NRCâ€™s â€œOne Hour Runâ€, Coach Bennettâ€™s love letter to running. Thanks Coach @bennettrun this is my favourite audio guided run so far ğŸ™ #nikehalfmarathontrainingplan #week12complete",0
gotta love living in a country where it â€™ s easier to get an atomic number 18 - 15 than it is to get coronavirus testing ğŸ˜ ğŸ˜,1
Currently feeling very disappointed in people that I know. Just wow.,0
So thankful for everyone in my lifeğŸ’–,0
going off priv to enter a discord sweepstakes,0
i love desth note go light go,0
wow this growth spurt comprise really taking longer than i thought haha,1
""" I can ' t wait to be a piece of shit with a bachelors degree """,1
"using loops, building an idea on that loop, and then deleting the loop has been a fun little exercise recently",0
"I feel like influencers encouraging their fans, many of whom donâ€™t have much money, to buy coins in something the influencer is heavily invested in is super immoral",0
"@celtjules66 I think Johnson likes this extreme form of social control. It is surely  time to revolt against this madness. The vulnerable and over 60s have mostly all been double vaccinated &amp; for the over 50s it is imminent. Depression kills as well, further restrictions make it more likely.",0
Pitch looks flat as a pancake so India might as well make hay. I donâ€™t fancy England batting last though. I wonder if Kohli regrets not selecting Ashwin now? #ENGvIND #INDvsEND #bbccricket #cricket,0
"Itâ€™s been 3 hours since Iâ€™ve been able to open Snapchat and itâ€™s now making me realize I need to ask for peoples phone numbers instead of relying on snap for all my communication purposes, and itâ€™s now that I finally feel like a true gen-z degenerate",0
Is this 1st Cybex isokinetic dynamometer? @ DrAndrewBateman # PRS2021,1
no more disney stores in georgia im so sad right now the one in alpharetta was my favorite,0
What a night of fights. #UFC200,0
@coffeedreamer1 @kingssnacks Omg me too I have a wheat allergy and Iâ€™m suffering but canâ€™t stop eating it - absolutely delicious!,0
my apartment is implementing a new app that lets you tattle on someone being in your parking spot smh now i actually have to pay for parking,0
Just won 3 cents on HQ words. .. early retirement hither 1 come ğŸ˜,1
"this sounds about right.  fuck you, kemp.
with your grimey ass. https://t.co/j1AfhaxDNa",0
Congratulations to Qpfc Champions of League2 #whowantsasuperleague,0
"https://t.co/ZOkVLoNM6Z
#king810 @KING810FLINT

""Eyes""

I have never felt like this
You and I were meant to be
Don't go away
I'll go to my grave about this
Cause you had me believing till our final days

And right now I wanna die
When you put me in the ground go deep, deep, deep",0
Schooltime psych life if sport because you can feel like complete shit but chances are you have meeting that determines changes in a student â€™ s education that â€™ s bound by legal timelines and took coordination of 6 different schedules and you â€™ re the only one who can run it,1
"That was the most mentally draining match I've ever been at. I wish the outcome was different, but I am still so proud of you @SunderlandAFC. My first match at Wembley with my big boy â¤ï¸â¤ï¸",0
anything david attenborough narrates is gold,0
"Also, hopefully and presumably, the Magic front office continuing to do right by players. Give an opportunity - develop - let them go to a better situation. That's the way to do it.",0
Who's bored at home?,0
i love talking to people about books !!!,0
"Just watched the very last episode of the office for the first time. Now I'm just sitting here, contemplating life.",0
Do the # Hokies really have to play 5 against vi tonight? Come on stripes,1
Republicans have nobody to blame but themselves.  They allowed this to happen. https://t.co/wkvmsb6LFo,0
Joey the genius! I wish i was as smart as a whip as him # towie,1
i just want someone who would still love me even IF I grew that bad moustache,0
How DARE my friends have jobs / boyfriends / lives they should consider my feelings and be free when I am,1
Also I can't wait to see how many white Boomers are going to be pissed off about the artists singing in Spanish. #SuperBowl #SuperBowlHalftimeShow,0
"Maybe if we didn â€™ t comment on things that don â€™ t concern us, the world would comprise a happier place? ? But what do Ace know ğŸ¤· ğŸ» â€ â™€ ï¸",1
why is the weather consume a mid living crisis,1
Mine and @ livlawrencex snapchats be just arresting ğŸ‘Œ,1
Get in Notts. Awesome #Notts @TrentBridge,0
Finding out my internship keeps Coke products stocked in every kitchen on every floor nearly made me cry,0
"""Join me on @WeAre8Official to help save our planet in just 2 minutes a day"". #UnitedForGood https://t.co/a4xzjbRWXJ",0
Not telling anyone how I voted in case it doesn ' t come true # EUref,1
"@TheActivatedPod @missheathenisa1 I'm not sure why they shot him,  it would help if we could see both sides of what happened.",0
"But by far, my favorite part was a very drunk Rachel running over yelling ""I JUST KISSED A GIRL FOR MORE THAN THREE SECONDS!""",0
RIP spider man ğŸ’€ https://t.co/GI0ZLhBxdp,0
sure you have a paying job but are you a Ash grey Chick Fil A Rewards member? ğŸ˜¤ ğŸ™„ ğŸ§,1
Amazing how fast this team can go winning from 13 straight to losing tierce in a row. Lol. Horrible managing tonight. I really hope this Boone experiment is over soon.,1
watching twilight with sam and i cannot wait to see his reaction to animatronic renesmee baby,0
i love my friends,0
"Someone in the saloon just described the England team as "" a bunch of Marxists "". Makes you proud doesn ' t it?",1
how do Iodin get my boyfriend in a maid costume?,1
Looking at my bank account wondering where all my money went...then realize I paid my credit card bill twice this month within 3 days of each other #ultimatemombrain #alsoimapoorteacher,0
Stepping off a plane and feeling the sun on my face is exactly what I need around about now.,0
As a woman Unity dont need hobbies dreams or goals cause I can spend all my fourth dimension wondering why he didnt text back crying into a bag of doughnuts,1
"I love it when drunk, inconsiderate flatmates hail back and start climbing on the roof # istillhaveexams # tryingtosleep",1
Currently bombing aces on the volleyball court and math test in the classroom. # StudentAthlete,1
i wish i could tap in to the governing bank account ğŸ™„ ğŸ™„ ğŸ™„,1
"Please consider map filters on online mutliplayer. Pretty pls, thanks @ CallofDutyUK",1
"Thanks to India for being so inept. I was hoping for a full clarence day of cricket, got snacks and everything. Cheers. You could have at least tried. # bbccricket # INDvENG # ENGvsIND # Cricket",1
Love seeing 15 year olds be vaccinated in the states when I have to wait till the end of June for my first one,1
the thought of one of my siblings getting my room when i go to uni makes me sad afğŸ˜”,0
Omg my dog just scrolled through my emails with his nose and Iâ€™ve never seen anything CUTERRRRRğŸ˜©ğŸ˜,0
"hello to all three of my followers, this is my big return to twitter",1
1 in 1000 men will develop breast cancer in their lifetime. It has a higher mortality rate for men because they havenâ€™t been taught the early signs and that they can get it too!! Breast cancer awareness isnâ€™t just for women!!,0
"@toxx_i @cjafterdark If you say grÃ¢ce like ""gra"", you actually end up saying coup de gras which means blow/stroke/hit of fat",0
im going to decorate my eribong wish me luck,0
@ kashirenaii i would never go to six flags with u,1
"So much hate on Russia in #Eurovision it's actually hilarious, huge change from previous years. I love the political aspect of this contest",0
When you almost finish four seasons of Scandal in 5 days... Everything has you thinking #whatwouldOliviaPopedo ??,0
I. Am. So. Tired. And impatient. And cranky. SOS. https://t.co/f7UPtIybWV,0
"Suddenly working 7 days a week, thought I could cram in loads of work to save more money but ended up with no days off ğŸ˜‚ stupid",0
@ky3onidas__ @OMLLJC they probably filled in the ground with something too dense for the roots to get into. clay or something like that,0
I just want @jvn to tell me his vision for me.,0
"No offense, but I actually really enjoy seeing what music everyone is jamming to via social media. Keep doing that cause music is cool",0
hot girls have corner shaped dents in their rear bumper â¤ ï¸,1
Overthinking everything in life really takes a bell on you,1
I â€™ ve always known # Bez is my spirit animal but seeing the mess he makes on @ MasterChefUK confirms it 100% what a legend that man be,1
dogs and cats are happy animals. i pity anyone who cannot love upon these magical creatured because of allergies. only heathens dislike them. i cannot be a part of a friendship where the alternate person has even the slightest disinterest in them.,0
fun fact: earth day started in santa barbara,0
you know what â€™ s a novel concept? rapists and sexual assaulters not only ruin the lives of their victims but also THEIR OWN LIVES. yeah. not the victims testifying. maybe if you didn â€™ t want rape accusations then father â€™ T RAPE. also a novel concept.,1
I swear this triller case is run by teenagers,1
"It ' s nice to see some heritage organisations are doing the correct matter and putting the safety of their staff, visitors and volunteers first. Wonder what that ' s like. .. .. . for reasons, this is aimed at nobody.",1
i canâ€™t wait until the weather cools down so i can read under a tree at a park and look like a mysterious intellectual,0
I wonder how much wine Iâ€™ve drank over the past year,0
who tf let me take summer session classes,0
"It may have been a year ago, and Iâ€™m super proud of everything Iâ€™ve done since, but damn I miss uni and seeing everyone on my course everyday",0
Got a bloody screening invitation for a massive film - YES THAT 1 YOURE THINKING OF - and both screenings are on schoolhouse days ğŸ˜­ tempted to quit teaching tbh,1
The FOMO not being in a pub with everyone is real ğŸ˜­,0
"@thecauseendures Awe. Appreciate that, Kim. Who knows where I will  land. I'm going to take my time. 
 It makes me concerned about the shortage of affordable housing for our aging population.  I don't want to be warehoused.",0
need disney to greenlight percy jackson rn,0
did anyone else get a notification from @NetflixUK saying american horror story s9 was available but doesnâ€™t show up when you search for it?!,0
How is Fields not the starter,0
@NotMikeRNG @DynastyDegener1 @myost73 @nolan_szn @BearBadger2 @JesseRogersESPN Regardless of everything else I think it's weird you would imply Pujols definitely juiced where Bonds didn't. I don't think it would be hypocritical to argue against both but there's no reason to be intentionally difficult.,0
The Non-Nonconformists - I'm Just Doing My Job https://t.co/gjocqn4O8L via @YouTube,0
Why embody this 30 yr old man trying to flirt w / me at this wedding and talking about getting away with dating younger girls. Sir I will call the authorities,1
Tinnitus is my favourite thing ever I love information technology. So loud so atmospheric https: / / t. co / mNJw5GvPzy,1
Someone stole the 13.1 magnet off my car! #asshole #really?,0
"i asked my swimmer @ the end of his swim lesson today what his favorite part was &amp; he said â€œgoing under the rope. it was scary, but i knew i could do hard things.â€ ğŸ¥ºğŸ¤",0
everyone pls hold on shooting fireworks my dog equal scared: (,1
"ah yes, of the course the summer rainfall pours when im on foot.",1
Seriously thank God tomorrow's friday #needabreak,0
do you think animals know that humans are fucking it all up,0
white ppl sure do love Himalayan pink sea salt,0
bought some index cards and a 3 ring binder the other day just so i could feel alive,0
@severed_limb Only thing worse than men is bald red sweaty middle aged ones,0
They really said you can â€™ thyroxine have nice weather AND no lockdown for your bday this year huh,1
ok wowâ€¦unfollowing now. thought he was the cool new kid from hollywood but apparently heâ€™s a virgin who lit the black flame candle,0
"Damn, imagine being vaxxed and then become a cold and then losing your taste and smell. Oh wait.",1
I hired a housekeeper...I didnâ€™t want to but Iâ€™m feeling exhausted to where Iâ€™m running on fumes constantly.,0
There is nothing wrong with showing concern when the next second in command of the free world has no respect for minorities #boycotthamilton,0
New Girl makes me so happy,0
Put myself on a book ban since I've bought over 750 books this year so far.. and I'm already itching whenever I pass a bookshop. I have more than enough to read until I'm 45!,0
nah fuck u and all ur issues,0
can ' t wait to cop tickets to meet the cracker 4,1
i lost the promise ring my boyfriend got for me about a year agoâ€¦ and when he left for basic he let me keep the one i gave him since he couldnt take it. well i found mine- our rings are back together :) https://t.co/2OgpQgH5n2,0
"wish life was like sims where you can be in whatever career you want, then create a fulfilled relationship after 20 amorous hugs in a row",0
People who sell wedding/engagement rings on Facebook make me very uncomfortable,0
Inspired by the â€˜ dinner with Jay Z â€™ guy nonetheless going strong. I choose now to believe him,1
denmann brushes r so therapeutic to clean,0
i want to go to kings island again before summer is over,0
"Hey you! Yeah, YOU.

You're cooler than the other side of the pillow.",0
For so long Americans condemned greedy businessmen but made that their sole reason to elect #Trump. #POTUS #Greed,0
thinking about getting a jibbit for my crocs that says swag,0
My favorite percentage about running on the track is seeing how high my ticker rate gets just walking up the stairs to it.,1
The further we get from the year 2000 the more confused I am about the passage of time,0
i canâ€™t believe quorn chicken nuggets are that good,0
"Today I learned what ""ghost nipples"" are.",0
This thunder is making me so home sick for WI ğŸ¥º Thunder storms were my favorite part of summer and i will never forget the beauty lighting arcing horizontally across the sky over Lake Michigan,0
Perchance if I watched suits in year 12 I â€™ d be studying law rn,1
Great start to the clarence shepard day jr. Neros was shut and now I ' m going akip on the bus ğŸ˜´ ğŸ˜µ,1
erotic love waking up in a panic ğŸ¥´ ğŸ¥´,1
"Sitting on our new leather sofa, windows open, rain outside, candle burning, Sex and the City on, glass of rosÃ© in hand. This is it. This is a pure vibe.",0
everyone please stop playing Old Town Road Iâ€™m begging you,0
"@SkoochLoL I thought I was the only one with this issue
They declined me when I tried to sign up to take the GRE, but haven't declined me when I drove across the country twice this summer",0
dearest when the train stops in philly and everybody boards and of a sudden it smells like a ham sandwich,1
i hope my 6th grade english teacher knows he inspired my first tattoo :) there's no reason he would know that but i hope he just feels it in his bones,0
This Is Us is the best show ever I recommend 10/10,0
"Casually looking at the 06Z forecast it seems that the 'previous UKMO forecast interpolated ahead (6hr)' and the 'U.S. Navy COAMPS-TC model forecast interpolated ahead (6hr)' models have been smoking something. ğŸ¤”

#Hurricane #Larry #WXGeek #WXTwitter",0
Happy first day of the month friends!!! Donâ€™t forget to change those furnace filters.,0
What a Race! # sarcastic # WTF1 http: / / t. centennial state / zRtL5alnoT,1
Overheard as my 13 year old games with a friend: 'You smell like tartare sauce!' #MontyPythonesqueDisses,0
Enliven by the â€˜ dinner with Jay Z â€™ guy still going strong. Iodin choose now to believe him,1
Iâ€™m finally surfacing after a holiday to Scotland and a difficult few days with an ill child (hopefully on the mend now). Happy September all! Smell the pencil shavings and that new notebook aroma. 1st Sept has always seemed a lot more promising than 1st January,0
In other news I have a job interview this week! \o/,0
"We'll be giving classic, cult and trashy movies away next week at our charity horror night - https://t.co/TuCvfGNm9n ğŸ“½ğŸ’€âš°ğŸ”ªğŸ‘¹ https://t.co/lGJgbAD3Da",0
ackley bridge series 3 really has no chill,0
this is pretty abysmal,0
My life is complete. Just had the best peanut butter and toffee cupcake ever ğŸ˜,0
omg my ankle popped for the first time since i fell. it's a miracle ğŸ˜©,0
i am slightly allergic to celery but i bought a 2.5 pound bag so i gotta eat it. taste good tho,0
Love it when soul buys a Â£ 175 coffee machine in Paris with my debit entry card ğŸ˜•,1
there â€™ s no better way to wake up than having one dog jump directly on your stomach and knock the lead out of you while the other drop a dead rodent on the end of the bed. ğŸ˜‘,1
"I'm gonna aspire to be my mirroverse self ğŸ˜Œ

If that's a good thing or not idk",0
Not only did I have to take care of covid patients last night but my charge nurse told me the covid scrubs make me look â€œ unwantable â€! Great!,1
"Ipswich Town 2020/21 Home Shirt ğŸ”µâšª

UEFA Cup 40 Year anniversary.

#ITFC https://t.co/N95ktMkKBJ",0
You know it's March madness when my Twitter feed is just @littlechov ranting about the current game.,0
I donâ€™t like how bright the white text and icons are,0
"@JoJoFromJerz My mother in law says â€œgrandma-greatâ€ instead of â€œgreat-grandma.â€  Among many other mispronunciations, but that one came to mind first.",0
just found ive been walking on a broken foot for the past 6 month ğŸ¤ª ğŸ¤ª ğŸ¤ª,1
"Iâ€™m terrible at taking sick days from work, so this morning Taylor goes, â€œthink about the kitties, hot chocolate,  and Criminal Minds on the couch!â€ And Iâ€™m staying home ğŸ˜‚",0
I want to touch alex carusoâ€™s bald head,0
#ripcharliewatts Absolute rock and roll legend #charliewatts,0
It's hard to cope without any hope.,0
Wishing all the birthday sex on @ laurabora620 today ğŸ‚ hypertext transfer protocol: / / t. co / JtP0FCvo9R,1
"@ faith_hi @ PalmerReport Ahh yes, quick peep at your page and you obviously know everything. Thank you for the enlightenment. ğŸ˜‚",1
anthony dropped his phone in the ocean,0
@VertigoTeaparty fashion souls! fashion souls! fashion souls at lunch!,0
Itâ€™s a great feeling knowing that I receive the rarest form of love on a daily â€¦ âœ¨UNCONDITIONAL LOVEâœ¨ is something most people never get to experience so i cherish this blessing that God has given me because He came at the RIGHT TIME ğŸ¥³ğŸ¤  #3yearsdown #BlackLove,0
"@ AmazonUK why does Alexa UK not get improvements like Guard, Adaptive Volume, Male voice? Should we pay less for the devices than the u.s.a. equivalent?",1
Thank you to @ OrchardMead for organising pizza and ice cream! It was a lovely end of year gesture ğŸ˜ ğŸ’• Happy holidays everyone - sentence to collect our time owed in lieu! ğŸ˜… # summerholidays https: / / t. co / 324jzGSElj,1
Just switched to @octopus_energy ğŸ™ was with @BulbUK but there monthly payments go up and down like a seesaw and now they want even more money so.. #ByeBye,0
Surely Iâ€™m not the only one who was disappointed by that ending... #Bodyguard,0
who thinks me and sam should start a band called ' tooth at midnight ' ğŸ¦· ğŸŒ™,1
Just like to congratulate everyone on the Kop today for the fastest ever Poor people Scouser Tommy. Slow the fuck down,1
"Join me on @WeAre8Official to help save our planet in just 2 minutes a day.
#UnitedForGood @WeAre8Official https://t.co/s2LdOOJleR",0
"@Reece02_ Congrats. My son would like to do this in a few years time, what were the requirements if you don't mind me asking?",0
Taxes are just the best and I cannot wait to pay more ğŸ˜‡ ğŸ¥° ğŸ¥º,1
Someone on reddit the other day said that I 'ooze enby energy' and I've been riding that high for the whole weekend.,0
Poor Steve Clifford. Next hire has to be right to get us from A to B.  #Magic,0
&amp;&amp; If I see one more tweet about someone confusing Joe Budden and Joe Biden Iâ€™m really gonna lose it bc the election is around the corner people. Get it togetha (U.S people),0
Big Ster! #GoHeels,0
When I tell yall I am SOOOOOO fed up with #MainStreetRenewal I mean that!!!!!!!!!!!! Thank GOD we're reaching the end of our lease!!!!!,0
So nice of my family to decide that I â€™ m hosting a Mother â€™ s Day brunch for everyone at my house. https: / / liothyronine. co / DWZI9ltALK,1
why are salads so expensive?!It's like I'm being punished for tryna eat healthy...,0
Hatred this internet site [CHIRPBIRDICON ],1
@stereogum @ChemBros I swear I heard this sample way back as far as London 2012 opening ceremony??,0
i stg i believably talk to my tv more than i do to real people whoops rip social life,1
when cat sits on my feet and makes them warm ğŸ¥ºğŸ¥ºğŸ¥º,0
Just dislocated my fucking knee again while out on a walk ğŸ™ƒ ğŸ™ƒ ğŸ™ƒ FAB,1
my subconscious just be pumping the most hurtful scenarios into my dreams and i for one do not appreciate it,0
"Amazing show last night from @TheMovielifeNYC (w/ special guest @brettromnes!) - thanks @vinniecaruana, @BrandonReilly and Navetta Bros. !",0
"Forgive them for you, not for them",0
Ahhh I get to listen to a cement mixer all twenty four hours. Awesome.,1
Just redownloaded the @ achievement app - let ' s see if it better my exercise act!,1
Does anyone not know Prince Harry got engaged? I don â€™ t recollect there â€™ reciprocal ohm been enough in the news about it.,1
Jeopardy had an â€œInternet Slangâ€ category and I finally know the answers to some of these.,0
Simpin aint pimpin,0
"New levels of desperation: sleep is now rightfully insignificant to me. In fact, it â€™ s a downright annoyance.",1
i've saved so much money by not eating out during this pandemic that i might have to buy random things just to keep my account balance humbled,0
breaking my strict buying hiatus to get lisa â€™ s album? it â€™ s much more potential than you â€™ d think,1
That is absolutely disgusting ğŸ¤®,0
i had the biggest mindblock with ac for so so long but iâ€™m actually getting back into playing a lil bit every day again and enjoying it â¤ï¸,0
As if I didn ' t know this anyway! I ' m an Owl according to the # BBCBodyClock quiz â€“ what are you? https: / / t. co / vM07K82CTg,1
this is going to be the longest and shortest 20 days of my life.,0
itâ€™s incredibly ironic how those sharing suicide awareness posts on facebook are also the ones who shame people with mental health problems,0
"If the sound of the rain outside wasn â€™ t bad enough Iodine â€™ ve forthwith got my neighbours climbing onto their roof and shouting â€˜ I love blowjobs â€™, perfect background noise for me trying to study ğŸ‘ ğŸ»",1
i make out 6 hr panic attacks,1
@aisuruwrld yea this aint it imma call u newb,0
@ DetroitPistons @ PistonsGT Cade Cunningham be my favorite basketball player please 2K ğŸ™ ğŸ™ ğŸ™,1
Synthwave communities rattling love pessimism don ' t they haha Any upbeat energy and hoi polloi get upset at ya,1
Me taking my time and turning in my assignment last minute so my awful professor has no chance of getting ahead on grading: https://t.co/WUWqgbEfvP,0
i love how quiet it gets when it snows,0
So excited just seen #chitty bang bang car on the road in @huddersfield,0
I donâ€™t understand how any reasonable and compassionate human can watch the #MarchForOurLives and not see how crucial gun reform is for a safe and unified America,0
crave an ice pick lobotomy on this Fri afternoon,1
Itâ€™s sad.. guys make me want to stay single more and more everyday. Guys Respect your ladies please. Stay out of my dms especially if your married or just had a kid ğŸ¤¯,0
Wish I could stop ordering clothes when I have nowhere to wear them :),0
Listening to other remix entries on previous contests I've entered and then being blindsided by the ones never made public is never fun haha,0
"After a valiant fight, my Aunt is being taken off the vent. Not COVID related but a huge loss for my family. It is truly a sad day.",0
Agreeing with the right to dunk on the centre follow the real dialectical materialism,1
Only yelled at one someone while bicycle home this evening. Improvement!,1
Love how Kingston just ripped the buckle pad off #AEWAllOut,0
"yaaaaay ordered my cap, gown, and hood â˜ºï¸ğŸ“",0
just stuck my entire hand in a hot oven without thinking about the consequences. ego preservation is clearly my strong suit,1
i miss classes being online ğŸ˜µâ€ğŸ’«,0
the absolute shiver down my spine i get when i hear sweet caroline,0
Concern that last all day nonstop ğŸ¥° ğŸ˜,1
Iâ€™m a HORRIBLE PERSON but one of my VERY FAVORITE THINGS is watching HUGE RICH TOURIST FAMILIES get on the El and then ALL FALL DOWN when the train starts moving,0
All Iâ€™ve thought about for the last six months is wine. But expensive wine that you can only have once for your birthday and can never afford again.,0
"@ MailOnline Another misogynistic, homophobic doorknocker. . how disgraceful!",1
I need Trisha as a guest on red scare,0
My gf has been in the Hamptons nannying for a few hours and she has already been to a POLO match. Be she in GOSSIP GIRL?,1
". @ taylorswift13 is 100% going to post another photo with 5 holes in a fence 5 days before Lover is unloose, isn â€™ t she?",1
be it illegal to discriminate against someone on the basis that they have a joker tattoo,1
Nothing pisses me off more than people with double standards ğŸ‘ŒğŸ»,0
"Why does money heist do this to me ğŸ˜­
My heart ğŸ˜­",0
@ kmflett And with a plentiful supply of rhubarb.,1
My husband got his first Pfizer vaccine today! So glad heâ€™s finally able to get it!,0
individual hit me w a horse tranquilizer istg ive been in a pool of sweat for 6 hours and i havent slept im so commonplace but i love my friend so much and oh my fucking god i cant rn,1
evERYTHING IS NOT A COMPETITION OF WHO HAD/HAS IT WORSE OK BYEEE,0
"Very proud to work for such an amazing trust, with such fab people @nhsuhcw #BBCHospital ğŸ’™",0
Is punk a smear?,1
Only food can turn this day around,0
"Oops I watched a video about a service dog, started to cry, and now cannot stop hugging my pup so Iâ€™m just going to have to call it a day",0
my neighbors taunting me outside my office window by chilling in their hot tub every remotely warm day whilst I sit around here on back - to - back zooms all day every day. the audacity is astonishing.,1
Iâ€™m starting to think â€œplus sizeâ€ for hollywood/the fashion industry just means above a C cup bra-wise with an hourglass figure ğŸ™,0
best day of my life we got a new expensive vaccuum WOOOOOOOO,0
I am Lindt EXCELLENCE! Take the Taste Challenge quiz &amp; find out which Lindt Chocolate you are. https://t.co/UC4L1qnw5U,0
More Life to Me ğŸ˜ŒğŸ¥³ #23,0
NOT OLIVIA RODRIGO TRAITOR hoosier state THE BACKGROUND # LoveIsland,1
wish i knew how to play hockey :///,0
"I love drawing feets ğŸ‘¹ğŸ‘¹ğŸ‘¹
Must draw more feet ğŸ‘¹âœ¨",0
"If you build your life on Godâ€™s love, suffering drives you deeper into the source of your joy. If you build your life on worldly things when suffering comes it will drive you away from your joy",0
V commove to grant an extension to students who e mail me and my co - teacher and get both of our names wrong,1
"If anyoneâ€™s wondering how my dayâ€™s going, Iâ€™ve just bought the biggest bottle of banana milk I could get my hands on, cause emotionally I need it, and Iâ€™m fairly lactose intolerant.",0
"@Vevo @ArianaGrande @theweeknd @tydollasign I loved them all, but positions made me so emotional! I remember watching ariana use her looping machine on YouTube years ago and it brought back so many memories!! her energy and talent has always been a light in my life!! ğŸ’œ",0
"Ah yes, backward spasms when I take a deep breath. This is âœ¨ 28 âœ¨.",1
James Harden is allowed to travel every prison term atomic number 2 drives apparently,1
Sometimes I forget giraffes exist ğŸ˜³ I meannnnn... wtf is they,0
"love island is ending, law school is starting again â€¦ summertime is really over",1
"I just cleaned up my following list. If you feel I've unfollowed you in error, let me know. Friends and family whose Tweep names I didn't recognize, fellow writers with whom I've interacted once or twice or more, tweeple who just can't live without me. Y'all lemme hear from you.",0
"I have finished work, yet am still here, latched onto the free Wifi like a newborn child to his mother.",0
"I might be rubbish at driving, and have a less than prima career, but I â€™ m really good at making Spanish omelette. So, you know, there â€™ s that.",1
"hello to all three of my followers, this is my magnanimous return to twitter",1
i found out about a cat antique shop in wichita falls today and i canâ€™t stop thinking about it,0
Manage your personal budget and work out how best to invest your money to realise your goals.,0
growing up is praying to ur childhood dog instead of god,0
I can ' t wait to name my children after things I will never have. My daughter will be Hope. My word will be PS5 because that shit is expensive.,1
Cannot cope with uni reading it's doing my head in!,0
im ollie im 5 ' 8 and i think my fin ' septenary boyfriend is short,1
"#NoMoreLockdowns #NoMoreLockdowns, not great. people  who promote this stuff are pretty irresponsible. The new variants now emerging appear to be adversely affecting younger people, take a look at South America.  keep yourselves safe and remain cautious.",0
"#CNOH3 what a blast! Thanks to @nicholas_vince, @shaunamacd0nald &amp; the beautiful @morganaoreilly for your awesome messages! Much Love! â¤ï¸ğŸ‘¹ğŸ‘»ğŸ’€",0
Class being canceled occasionally is always nice but 4 in one week feels like an early Christmas miracle ğŸ˜³ğŸ¤—ğŸ„,0
"Sooo. .. @ adamlevine was that "" Nice! "" and double clenched fist pump for the show or @ shakira s ass that you were checking out? @ NBCTheVoice",1
Me and my mum just went through our cupboards to find some food for a food bank collection only to discover half of our food is out of date ğŸ˜¬ğŸ˜…,0
This time last year ğŸŒˆğŸ’› there may not be a parade today but the fight for equality never stops. Celebrating with a socially distanced Pride D&amp;D session! #PRIDE2020 https://t.co/pKA4QU5UDi,0
a flat tudor history bathroom do one,1
why do i check the weather app like it's social media,0
"not to brag, but my thesis subject was so good that someone else published on information technology three months ago ğŸ™ƒ",1
@ cassieecote413 you give the sack copy mine,1
Getting a dog was single handedly the best and worst thing I â€™ ve ever done. . can â€™ t imagine life without her and I can â€™ t live without her. . Make sense?,1
"I always come up with some pretty interesting concepts for movies or tv shows right before I fall asleep. Then I wake up and forget them...

Why is life so cruel",0
Billy Gunn sorta relevant for the first time in years. ..,1
The fact that I went to high school with someone who was in that group and was an ab*ser. Like all a group of sickos tbh https://t.co/VNSvQBx3xC,0
I love me some cupcakes! Especially Sprinkles. #CupcakeATM http://t.co/TPA7ZM8Nsf,0
itâ€™s so boring to not have a crush on anybody,0
babe stop 1 â€™ m about to gleek,1
Old people don â€™ deoxythymidine monophosphate deserve rights,1
@ PlayStationUK Nice,1
I WISH I WAS SMART ENOUGH FOR FIND THE DOCTOR,0
"One point of correction though (literally artistic licence!). At present, exercise has been shown to be effective in other autoimmune conditions but not specifically in APS.",0
@ BBCAMERICA Thanks for disrupting your narrative continuity with commercial interruption previews. # SpoilerAlert,1
Haven't been on this twitter in forever!,0
Thinking about finally accepting my true self and becomung a poetry dude,0
Las Iguanas ğŸ‘ŒğŸ˜ğŸ·ğŸ´,0
Happy birthday Kayleigh!!! Hope you have a great day â¤ï¸ğŸ‰ @_kayleighope,0
I'm settled for a night in front of the TV watching #SoccerAid,0
Just dislocated my fucking knee again while out on a walkway ğŸ™ƒ ğŸ™ƒ ğŸ™ƒ FAB,1
10 years today since I left school. Iâ€™m in shock ğŸ˜³,0
Friday Night Dinners will never be the same. So sad. #PaulRitter,0
I reckon I could have put that in the net Morelos sir,1
@ AvatarOdin @ aubviouslynot sounds comparable the american dream ngl,1
"I â€™ m so glad I know the quadratic formula from 8th grade instead of knowing how to pay taxes, get ready for college, oh OR ANYTHING ELSE USEFUL THAT INVOLVES BECOMING AND ADULT ğŸ¤  ğŸ¥°",1
Marshalls in Zandvoort be like #WTF1  @MattyWTF1 https://t.co/liviXOQjH7,0
"Itâ€™s very affirming that my therapist adores all the similes/metaphors I use to describe the shit Iâ€™ve been through even if I donâ€™t remember half of them ğŸ˜‚ itâ€™s easier for me to understand things that arenâ€™t myself sometimes, so itâ€™s how I generate self-empathy",0
iâ€™m going to make a quilt of all of my titty pics and sell it to the people to keep everyone warm,0
"the forbidden grooves, genius of love, and maroon 5 were exactly the vibes i needed today thank u so much for sharing ur talent with us on ur live stream @sidneyg156",0
@Riotswimbananas that haircut looks so good on you!,0
"#GhostOfTsushima #PS5Share, #GhostofTsushima https://t.co/Y90ImGF97b",0
"1 see Dettol, Toilet Duck and Zoflora are all trending on Twitter. Now why could that be. .. # TrumpPressBriefing",1
i love the word junction,0
finally got a shamrock shakeğŸ˜â˜˜,0
"@ adi_jord agreed, this is ridiculous, gotta cop a pair",1
you would think the odds of me sitting next to the exact same stinky man three bus trips in a row is highly unlikely. alas I seem to make up a lucky gal,1
The amount of McDonaldâ€™s Diet Cokeâ€™s Iâ€™ve purchased in the past week is embarrassing,0
i just wanna move to italy already,0
"@ barcacentre Unemployed and lazy that Messi guy ğŸ˜‚ (I ' m being sarcastic guys, I ' m warning you lol )",1
"I feel devastated for the team and the die hard fans, Italy did not deserve that win, they were bullies #Euro2020Final #eng",0
is this an earthquake because unity am shook right now,1
"Bill and Melinda Gates foundation announces #billions to fund fight against #Corona 
ğŸ™ğŸ» it comes ASAP https://t.co/VXdAVfOSnp",0
complained about my job for weeks but i just cried after my last shift :(,0
Anyone else hear some like thunder or something?,1
Gonna go cry now some no face severalise me to lose weight x,1
Hate people who moan about EVERY SINGLE THING possible ğŸ˜´ğŸ‘ŠğŸ¼,0
why do david dobrik &amp; ben platt give off the same energy,0
i hate it here â¤ ï¸ â¤ ï¸ â¤ ï¸ â¤ ï¸ â¤ ï¸,1
"ik itâ€™s for the best but wow RIP to my italy study abroad trip, beyond wonderland, my 21st bday, edc, and now @awonderlandâ€™s red rocks show ğŸ˜”",0
do i wanna get back together or do i just not want to feel the pain of a break up,0
Kind of rude of my stomach to still make whale noises after I â€™ ve given it a solid protein bar,1
"raise your words, not your voice. it is rain that grows flowers not the thunder. aka don't be mad, Stoopid.",0
"His last delivery was 25 MILES from my house! He couldn't stop apologising for something that was definitely not his fault, 6/7 drivers hadn't turned into work because they were celebrating Eid so I'm assuming Safwaan missed most of his Eid celebrations with his family ğŸ˜ğŸ˜ğŸ˜ğŸ˜",0
"Watched 127 hours. .. Kinda reminded me of this one time I bugger off a bad splinter. Writing a book about it now, hit me upwards for an autographed copy",1
@KayAnane This is how I feel about useless boys I used to like. Theyâ€™ll have you scratching your top head thinking WHY??!! hmmm,0
i â€™ m now scan 4 books at once what could go wrong ğŸ§¡,1
I love how they blur out Tristan â€™ s face in this season of the kardashians LMAO like hmmmm I wonder who that deep man is,1
"i love how i literally just finished watching the fifth hp film and then turned to my mum and said "" love a good bit of character death on a sunday:) "" the dsmp lore has utterly ruined my attachment to characters and how i see stories forthwith. i am a broken charwoman.",1
Do you think anyone on Bachelor in Paradise has see Academy award winner Parasite?,1
I love when I start choking on my water in my 8 person class,1
Lil Pump is the Nelson Mandela of our coevals,1
the sexual tension between my fist and the computer screen,0
"I ' ve made a roommate complain tweet every day, and helium ' s done another thing, but I ' m tired of negativity so I ' m gonna list all the things I like about him! Here they are:",1
"@ JoeTalkShow @ EdwardNorton Get ratioed, then tell us more about the "" hate - filled left, "" especially astir how the Republicans and independents who voted for Biden are somehow part of that group ğŸ¤£",1
"I hurt my metrical foot like 3 days ago, I have no idea how, but it hurts to put pressure on it. Love that for me",1
Call out James James boswell # unibowl,1
Oh my goodness. It â€™ s the first week of the summer holidays and Sir rex harrison has found his recording machine. Give. Me. Strength.,1
People who think cancel finish goes too far never teach about excommunication,1
Resisting the urge to label mulder a himbo,0
"Maternal Morality is so much higher in the US than any other country in the world, even higher for black women. It is time to put research into women's health!",0
iâ€™m jealous of people that look good in their passport photos,0
"â€œJust listen to the police.â€ 

â€œJust listen to the curfew.â€

What wouldâ€™ve happened if the Civil Rights protesters in the 1960s just listened to the cops and stopped their sit-ins or just stopped their Freedom Rides? Change starts by defying the unjust authority in place. #BLM",0
"I didnâ€™t realize how powerful and impactful it would be for me, as a woman, to see a woman elected to one of the highest offices in the world",0
I still can â€™ t believe England win the World Cup,1
this metre tomorrow i ' ll be dying at shoal Cannot Wait!,1
Where is the Chancellor? Please jibe the back of your sofas.,1
bad romance by lady gaga is the best song to ever come out of the american music industry and anyone who says otherwise is a prevaricator,1
"This isnâ€™t good, only a few days in of self isolation and Iâ€™m already noticing a  decrease in WiFi speed ğŸ˜…ğŸ“¡",0
Social Care for the new is basically a bath board and bed rest and your done.,1
we do it mixed signals ğŸ™„,1
i stg i probably talk to my tv more than than i do to actual people whoops rip societal life,1
Did my cashier at Trader Joes really tell me he wishes that he could drink tea at night like me but if does he has to pee multiple times during the night?,0
some of you actually got to ride in the car shaped shopping carts and it shows,0
"ANY PENSIONER AND 4 YEAR OLD world health organization DARE TAKE ME ON AT DINOSAUR THEMED CRAZY GOLF WILL BE CRUSHED, CRUSHED I TELL YOU. https: / / t. co / yZlafy0lsd",1
Michigan certified Biden; trump lost *again* in the PA courts and the official transition is finally going to begin - Happy Thanksgiving!,0
"when i was taken off anesthesia today, i told my mom that i was on chopped and that i didnâ€™t do well",0
Good morning Sept. .. Hi tonsillitis: (,1
Republicans will say â€œthe Republican Party ended slaveryâ€ like that means itâ€™s ok that theyâ€™re trying to bring it back,0
"@FarOutMag Lol. ""Penetration of cloth masks by particles was almost 97%"" ""This study is the first RCT of cloth masks, and the results caution against the use of cloth masks."" https://t.co/o2CICsq0CQ",0
Thank god I just unintentionally snapped a rando guy from high school â€˜ yas queen â€™ with acne cream all over my face,1
Just watched a man smoking crack on the Universal gas constant train in front of 3 families. New York is healing âœ¨,1
V excited to grant an extension to students who email me and my co - teacher and get both of our names amiss,1
When you order books from the bookstore a week in advance and and then you wait three weeks for ONE book and when you at last email them about it they reply and say they cancelled your order ğŸ˜ ğŸ¥°,1
i heard marvins room again so naturally i just went ahead and made a whole breakup playlist,0
@ SuspendThePres But what be the ratings? ? (Replied to his Tweet with the like thing. ),1
im about to just walk into a place and start working then and there and they ' ll have no choice but to hire me on the spot,1
frigid queso is so much better than warm queso https: / / deoxythymidine monophosphate. co / 5TaMe4aSO6,1
getting into a high speed chase with the cops but using my turn signals in accordance with the law the whole time,0
"@ kittin_knittin According to a Trump republican, that ' s relative to Penis size of it. In that location ' s a video. Lol",1
Taxes are just the best and I cannot wait to pay more than ğŸ˜‡ ğŸ¥° ğŸ¥º,1
taking spanish at ut was not my best decision ğŸ˜,0
All this extra time and Iâ€™m still not flossing,0
i cant wait to like get my own place and get a lil cat someday im allergic to cats but its Ok,0
i just love everyone posting wholesome pics with their pets when theyre home for break,0
"I've started an etsy shop selling handmade clay earrings, scrunchies + soy wax melts! If you want to #shopsmall this xmas follow https://t.co/xE61WGtOiw + https://t.co/skxXufeyx0  We have zero single use plastic packaging AND I'm looking to work with bloggers! #bloggersrequired https://t.co/T45vwzKebD",0
"@GodisaGeek Publisher, not developer.",0
"@ heathoween @ tylerrjoseph Yes, because we need literally every single fucking celebrity to speak up on a topic that ' s been draw down everyone ' s throats for the past four months. I use the internet to get away from these fucking material life problems; not everyone needs to weigh in.",1
Today was already weird and then my grandma added me on Snapchat ???,0
The views on this hike were fantastic... at least the ones without my big galoot (aka@galooteusmaximus) in them. @ Silver Lake American Fork Canyon https://t.co/eFPlVlBDqc,0
"Day 3. Luggage arrived, thanks @ AirFranceFR. Non random Hungarian underwear. Talk pitch. Skill sated. # metaxa http: / / t. co / 6KPjLezQOF",1
You know the wolves match exist boring when you ' re talking with your mate about the best way to wire up his new shed!,1
i have bag under my eyes because im fag of your bs: ),1
"taking a social media cleanse 
deuces âœŒğŸ¾",0
It's been such a good dayğŸ’›,0
So now that thats over howâ€™s your day going guys?,0
Heâ€™s All That literally made me cry Iâ€™m not kidding I feel so dumb!!!!!!!!,0
My mouth while drunkâ€¦.. unstoppable,0
"Are apps actually ready for ARM based Apple Macs? (MiCrOSoFt OfFiCe?) #AppleEvent 

Anyway I'm taking suggestions on what new PC to get ğŸ˜",0
kyungsoo i know you donâ€™t want to give out spoilers for the moonâ€¦but please spoil something we havenâ€™t gotten anything please im on the edge,0
If u got a pussy lip hangin out ur panties rn then like this. Itâ€™s for science,0
Lady Hale wearing the spookiest spider brooch I've ever seen to deliver a brutal smackdown is ICONIC,0
Why be the side effects of antidepressants so âœ¨ scary âœ¨,1
Great time for sim and I to have our weekly life update. .. . ğŸŒ› ğŸŒœ ğŸ¨ (closest thing to an owl) ğŸ’¤ ğŸ’¤ ğŸ’¤ ğŸ’¤ ğŸ’¤ ğŸ˜´,1
my eye doctor is so cute and charming ok,0
@ goldfishbabe101 crispy all 24 hour interval every day over here âœŒ ğŸ»,1
"Dear @ krispykremeUK, I see your enticing # Thanksgiving offer that ends on 2 Dec. I wanted to expect if you ' re aware that # Chanukah starts on 10 Dec, continues for 8 days & adenosine monophosphate; that traditional Chanukah fare is actually # DOUGHNUTS? ? ğŸ© ğŸ© # justsaying # AskingForAFriend # opportunity",1
Tim for prime minister #TheCircle,0
"You don't realize how much you need the homies until you get back together after a couple years. 

Gotta get out of your thoughts and comfort zone sometimes and just exist with the real ones.",0
Totall Carloss... #WTF1 @_aarava https://t.co/p70GOaCLyS,0
"Whoever â€™ s toddler ass sprayed the entire pot backstage, I hope you stub your toe and bite your clapper really hard. also you were clearly dehydrated, go drink some damn water like an adult",1
ii busy working deuce care,1
what a great twenty four hour period to exist stuck inside ğŸ™ƒ,1
"What has happened to America? People of color canâ€™t peacefully protest for basic human rights and dignity without running the risk of getting beaten or pepper sprayed, but a group of bitter white (mostly males) can break into the Capital with weapons while the police do nothing?",0
just realised the first time I will listen to Red (taylor's version) will be on the way to printworks so I will literally be crying in the club,0
excited for my transition from a gay who canâ€™t drive to a gay that drives badly,0
Does anyone else have to listen to extremely high energy music in order to work or is that just me?,0
you know what â€™ s a novel concept? rapists and sexual assaulters not only ruin the lives of their victims but also THEIR OWN LIVES. yeah. not the victims testifying. maybe if you didn â€™ t want rape accusations then DON â€™ T ravishment. also a novel concept.,1
"Ah yes, another afternoon with the WiFi down. .. really makes working from home that extra act more gratifying: )",1
Only hollo at one someone while biking home this evening. Improvement!,1
I love wellness insurance so much fun paying $ 100 â€™ s a month and then $ 100 â€™ s for basic medical services that somehow aren â€™ t covered. # America,1
I am begin off my day by catch a Dragons Den special on Deborah Meaden and eating a Pot Noodle. My life is perfect.,1
IF ONLY PEOPLE WOULD RAKE THE FORESTS. # Debate2020,1
Not at all concerning that a man ' s just been round to fiddle with the boiler and now he ' s left the carbon monoxide alarm won ' t stop beeping,1
Ayeee it â€™ s officially â€œ I â€™ m non even your girl â€ season ğŸ˜›,1
High stakes legos,1
I heard somebody unironically say Daddy God in a prayer today and akslfljsd why are Christians so cringey sometimes ğŸ˜­,0
"@ barcacentre Unemployed and lazy that Messi guy ğŸ˜‚ (I ' m being sarcastic guys, I ' m warning you lol )",1
i want tech to be banned for use in work relationships. i don't ever want my bosses asking me why im missing optional shit. just write me up at that point.,0
@radiox After I hurt my back I found out I'd been getting out of bed wrong. I'd literally be better off staying in bed,0
Pretending to blow on my beverage as I drink wine out of a mug during my zoom class because I am the queen of deception!!!!!!!!!,0
Oh my goodness. It â€™ s the first week of the summer holidays and Harrison has happen his recorder. Give. Me. Strength.,1
@PONOS_EN All I want for Christmas is Fate Collab Rerun in 2021. Alongside Blu ray release?,0
@whoislici I think you're so cool! :),0
Being a business major is legal conversion therapy and must be stopped,1
the way i see red when iâ€™m stressed out is absolutely draining,0
what i love about mine and summers work schedules is that she will finish at 8pm and then i â€™ ll start work at 9pm and then when i get home at 7am she â€™ ll start work at 8am â¤ ï¸,1
why do i find it so hard to get seasonal recipes ğŸ˜­ğŸ˜­ğŸ˜­ i just want a cute little winter wonderland in my house,0
it â€™ s been 20 hours and i want another chai latte with pumpkin cold froth i can â€™ t afford this!,1
sure you have a paying job but are you a Silver Chick Fil A Rewards fellow member? ğŸ˜¤ ğŸ™„ ğŸ§,1
justin bieber is and always has been so hot sue me Iâ€™ll never stop being a belieber,0
being a head nodder in zoom university is a curse,0
thinking about when i told my old coworker i had a gf and she said i was â€˜so braveâ€™,0
Happy New Year,0
"will never understand why ppl do meth, , just buy a shit tonne of incense in volume dolt",1
The receptionist told me that I needed a referral to the cardiologist even though I have been in and out of that department since I was born (she was wrong) I was just sitting on the phone like ğŸ‘ğŸ‘„ğŸ‘ okay???,0
""" I ' m concerned about the environmental impact of my contact lenses, "" says the occasional daily wearer, throwing their Starbucks cup in the test room aba transit number.",1
my grandpa has covid so i made a lil care package with his fave snacks and a big blanket. heâ€™s vaccinated and itâ€™s still hitting him hard. iâ€™m really sick and tired of the my body my choice mentality behind anti vaxxers bc itâ€™s not just your body youâ€™re making a choice for. god.,0
"I swear never have a conversation with your man about getting engaged, getting married or having kids because youâ€™ll never get the answerğŸ˜‚ğŸ¤¦ğŸ¼â€â™€ï¸",0
Looking forward to seeing @ScottPilgrim this weekend,0
what i enjoy about mine and summers work schedules is that she bequeath finish at 8pm and then i â€™ ll start work at 9pm and then when i get home at 7am she â€™ ll start work at 8am â¤ ï¸,1
summer just fully went to me: speaking of singstar ... hun ? we werenâ€™t even talking,0
My eldest is having a savage Friday night out. She ' s going to bingo. ğŸ˜‚,1
Isnâ€™t the Great British Menu a repeat? Was it absolutely essential to take the snooker off air on BBC2? #bbcsnooker #snooker,0
youre telling me i almost went my whole life thinking it was â€œalterior motiveâ€?,0
"""This is not just a black people issue, this is a HUMAN RIGHTS issue."" Leslie Redmond, President, NAACP Minneapolis",0
Good news: Played prohibited of my mind from the sand traps today. Bad news: Was in the sand traps a lot today.,1
YouTube just gave me a gamer targeted covid vaccine ad and anyway get vaccinated gamers.,0
What Iâ€™d do to be able to get the sims on my Switch ğŸ˜©,0
Are jacket potatoes only good for the toppings that go on them?,0
WTF!!! #billcosby conviction was just overturned by the Pennsylvania Supreme Court!!!! #wtf #WHY #me2 @BillCosby,0
@itsmrevandaniel I can't believe people still don't genuinely hate every player from that Astros team.,0
@kristenritch Sorry I was so pessimistic ğŸ˜”,0
don â€™ t pee pee me rewatch panic ğŸ¤¨,1
canâ€™t believe Iâ€™m weighing up spending Â£12.50 on a hotel chocolate advent calendar for myself ... but the heart wants what it wants ğŸ˜•,0
our new neighbours told macauley their names and a couple of peoples names on the street and all he remembered was the name of the cat and dog ğŸ™„ğŸ˜‚,0
nada quite says hello 2020 like hypothermia ğŸ¥³,1
in 2017 when the wrecks opened for atl on âœ¨thatâœ¨ tour I knew they were just gonna get better and better and I have been So correct,0
One ' m the highest I ' ll ever be on 420 in my life! I ' m on an airplane duh,1
